1	allah's tigers	1
2	1 may	3
3	sudan liberation movement	13
4	socialist chhatra league	1
5	people's fatherland movement	8
6	red commandos	1
7	movement of democratic forces of casamance	66
8	guaycaipuro indians	1
9	national democratic front of liberia	1
10	itsekiri	1
11	jerusalem groups hebrew (qvutzot yerushalayim)	1
12	al-ma'unah	2
13	ticuna indian	1
14	jihad martyr's companies in iraq	2
15	central university students	1
16	yemenis	2
17	kurdish sympathizers	4
18	mariano moreno national liberation commando	3
19	georgian militants	2
20	all karanataka youth council	1
21	al-qaâ€™ida organization for jihad in sweden	1
22	lavalas supporters	1
23	war veterans	1
24	national socialist council of nagaland-khaplang (nscn-k)	18
25	bangladesh national socialist party	1
26	popular revolutionary action	1
27	settlers at kfar darom	3
28	forces for the unification of the central african republic (firca)	1
29	ayesha bint al-sadiq brigade	1
30	tribal group	44
31	november 17 revolutionary organization (n17ro)	34
32	bhumi uchched pratirodh committee (bupc)	1
33	kurdistan workers' party (pkk)	1134
34	national redemption front	1
35	al-qaâ€™ida in yemen	12
36	tanzeem al-islami al-furqan	2
37	young pioneers	1
38	central american movement of solidarity (mosca)	2
39	bedouin movement (sudan)	2
40	sipah-e-sahaba/pakistan (ssp)	18
41	national democratic alliance army (ndaa-essa)	1
42	sindhu desh liberation army (sdla)	50
43	jamiat ul-mujahedin (jum)	23
44	tanzeem ittehad - i - ulema qabail (tiuq)tribesmen	1
45	direct action against drugs (dadd)	4
46	karen insurgents	9
47	people against gangsterism and drugs (pagad)	10
48	anarchist liberation brigade	1
49	front for peace and reconciliation (frp)	1
50	ansar allah	1
51	dev sol	92
52	farmers	5
53	united people's democratic solidarity (upds)	9
54	iraqi national congress (inc)	2
55	basque militants	2
56	zeliangrong united front	8
57	afghan merceneries	1
58	popular movement for the liberation of angola	8
59	opposition militants	5
60	revolutionary nuclei	13
61	ansar al-din front	2
62	anti-capitalist action	1
63	georgian rebels	2
64	national anti-corruption front (fna)	1
65	patriotic morazanista front (fpm)	7
66	militant people's revolutionary forces	1
67	iraqi islamic vanguards for national salvation (iivns)	2
68	coalition for unity and democracy (cud)	4
69	black panther group (palestinian)	9
70	kara clan	1
71	yekbun	1
72	northern diriangen front (fnd)	3
73	anti-communist command (kak)	1
74	slum dwellers	1
75	anti-state justice	5
76	egyptian tawhid and jihad	6
77	anti-narita extremists	2
78	popular will (greece)	3
79	mafia	8
80	kuki national front (knf)	8
81	mai mai bakata katanga militia	10
82	popular democratic movement (mpd)	1
83	tribesmen, al-itada	1
84	narco-terrorists	82
85	janatantrik terai mukti morcha- prithvi singh (jtmm-p)	2
86	haftar militia	27
87	revolutionary combat brigades	1
88	sandinistas	3
89	national congress for the defense of the people (cndp)	5
90	al faran	2
91	forbid the evil group (moslem militants)	3
92	riyadus-salikhin reconnaissance and sabotage battalion of chechen martyrs	12
93	tritiya prastuti committee (india)	9
94	bunda dia kongo (bdk)	1
95	popular front for recovery (fpr)	2
96	hutus	168
97	macedonian nationalists	1
98	bodu bala sena	3
99	tribal separatists	1
100	we who built sweden	1
101	jama'atul mujahideen bangladesh (jmb)	22
102	comando malvinas argentinas	1
103	drug-related terrorists	2
104	afridi tribe	1
105	group of popular fighters	3
106	indian tigers	1
107	brigades of iman hassan-al-basri	1
108	achik national cooperative army (anca)	3
109	hells angels	1
110	turkish radicals	1
111	afar revolutionary democratic unity front	2
112	al hadid	2
113	zuwar al-imam rida	1
114	popular resistance brigade	1
115	party for democracy anti-nuclear-test protesters	1
116	the northern alliance (or united islamic front for salvation of afghanistan â€“ uifsa)	4
117	future movement (lebanon)	1
118	karbi longri national liberation front (klnlf)	2
119	people's revolutionary party of kangleipak-progressive (prepak-p)	3
120	runda kumpulan kecil (rkk)	60
121	congress party activists	3
122	fuerzas autonã³micas y destructivas leã³n czolgoscz	1
123	jordanian islamic resistance	2
124	anbar salvation council	1
125	kamajor hunters	2
126	manipur naga people's army (mnpa)	3
127	ikhwan-ul-muslimeen	1
128	bhisan himali bag	1
129	anti-nuclear group	10
130	human rights renewal movement (renovacion por los derechos humanos)	1
131	shining path (sl)	497
132	gugama youth federation	1
133	indipendenza	10
134	black banner brigade	2
135	party for the liberation of the hutu people (palipehutu)	39
136	republican anticlerical group	1
137	jaish al-muhajireen wal-ansar (muhajireen army)	2
138	armed forces for national salvation - army of the people (fasn-ep)	2
139	initiative de resistance internationaliste	1
140	democratic progressive party	1
141	al-ittihaad al-islami (aiai)	5
142	islamic party (somalia)	2
143	right sector	4
144	al jehad	3
145	left-wing extremists	6
146	albanian separatists	1
147	africa marine commando	5
148	iparretarrak (ik)	18
149	allied democratic forces (adf)	79
150	css movement	1
151	farmer's movement of the philippines (kmp)	2
152	world church of the creator	6
153	chechen lone wolf group	2
154	jamaat-e-islami (bangladesh)	40
155	didier ratsirakaâ€™s militia	1
156	cuncolta naziunalista	1
157	heroes of canto grande	1
158	arauco malleco coordinating group (cam) - chile	2
159	supreme council for islamic revolution in iraq (sciri)	11
160	fourth reich skinheads	1
161	otpor	1
162	marxists	3
163	unidentified infiltrators	1
164	pattani united liberation organization (pulo)	15
165	abida tribe	3
166	murle tribe	4
167	ansarullah bangla team	4
168	skinheads	3
169	national socialist council of nagaland-isak-muivah (nscn-im)	55
170	comando vermelho (red command)	1
171	chinese pirates	1
172	southern front	4
173	turkish communist workers party	1
174	civilian defense	1
175	baloch waja liberation army (bwla)	7
176	february 27 revolutionary armed forces	1
177	abu hafs katibatul al-ghurba al-mujahideen	2
178	unknown	50808
179	islamic fateh	1
180	right-wing gunmen	1
181	anti-gentrification front	1
182	mitiga militia	1
183	jammu and kashmir liberation front	6
184	anti-monarchists	2
185	karbi tribe	1
186	sudan people's liberation movement in opposition (splm-io)	22
187	beli orlovi (white eagles)	1
188	free democratic people's government of laos	1
189	rebel military unit	5
190	abdul qader husseini battalions of the free palestine movement	1
191	kim pyongnil supporters	1
192	uighur liberation organization	1
193	salafi daawa group	1
194	militia members	11
195	harakat-i-inqilahi-i-islami	1
196	pataxo indians	1
197	madhesh rastra janatantrik revolutionary (rjr) - nepal	5
198	harakat ul-mujahidin (hum)	5
199	al-qassam brigades	2
200	left-wing militants	3
201	bhittani tribe	1
202	turkish revenge brigade	1
203	the inevitables	1
204	al-fajr	1
205	united liberation front of barak valley (ulfbv) - india	2
206	baloch liberation tigers (blt)	6
207	knights templar (caballeros templarios)	1
208	autonomous decorators	1
209	palestine liberation organization (plo)	15
210	kolla benjo cruz command	2
211	burmese refugees	1
212	commander luciano varela antiguerrilla group	1
213	all burma students' democratic front (absdf)	4
214	jaime bateman cayon group (jbc)	6
215	maoist communist center (mcc)	34
216	mapuche activists	6
217	jund al-sham for tawhid and jihad	8
218	liwa al-sham	1
219	friends of loukanikos	1
220	palestinian islamic jihad (pij)	200
221	8 march coalition	2
222	revolutionary liberation action (epanastatiki apelevtherotiki drasi) - greece	3
223	azerbaijan weapons smugglers	1
224	rajah solaiman revolutionary movement	4
225	mujahedeen shura council in the environs of jerusalem	5
226	breton liberation front (flb)	8
227	the war that was never declared	1
228	army of state liberators	1
229	united tribal liberation army (utla)	1
230	vanuatu mobile force (vmf)	2
231	leftist youths	1
232	ansarul islam (pakistan)	2
233	proletarian nuclei for communism	2
234	kawal ng pilipinas (soldier of the philippines)	1
235	militant movement for madagascan socialism (mmsm)	1
236	terai army	11
237	council for popular justice	2
238	mateo morral insurrectionist commandos	2
239	boko haram	1304
240	coca farmers	5
241	salafist group for preaching and fighting (gspc)	216
242	afghan guerrillas	2
243	nepali congress party (nc)	1
244	tehrik-i-taliban pakistan (ttp)	1059
245	young liberators of pattani	1
246	anti-environmentalist	1
247	eritrean salvation front (esf)	1
248	islamic salvation front (palestine)	1
249	mousa ismail sub-clan	1
250	muslim united liberation tigers of assam (multa)	1
251	muslim mujahideen	2
252	vanguards of the caliphate	1
253	tigers	1
254	association totalement anti-guerre (atag)	1
255	zviadists	1
256	effiat ethnic roup or jbibio peoples	1
257	guerrilla command force 97	1
258	sabaot land defense force (sldf)	4
259	islamic party of kenya (ipk)	3
260	medellin drug cartel	2
261	irish national liberation army (inla)	30
262	islamic jihad brigades	1
263	gun runners	1
264	tribal clash	1
265	shabelle valley militia	2
266	urhobo revolutionary army	1
267	movement for dignity and soverignty	1
268	forum for the restoration of democracy-kenya	2
269	dima halao daoga (dhd)	26
270	free all political prisoners in holland	1
271	right-wing death squad	12
272	united popular action movement	37
273	karabulak gang	1
274	majerten clansmen	1
275	cali narcotics cartel	2
276	the husayn ubayyat martyrsâ€™ brigades	1
277	revolutionary force	1
278	hauso ethnic group	1
279	students islamic movement of india (simi)	17
280	baloch national liberation front	1
281	islamic companies	1
282	hushaysh tribal members	1
283	mouhajiroune brigade	1
284	deccan mujahideen	8
285	union of young kurdish revolutionaries	1
286	abu bakr unis jabr brigade	1
287	tutsi	16
288	david's sword	1
289	bodo liberation tigers (blt)	9
290	u/i liberian gunmen	2
291	organization of soldiers of the levant	1
292	israeli settler	31
293	islamic jihad union (uzbekistan)	2
294	karbi longri north cachar liberation front (klnlf)	16
295	mukhtar army	3
296	united front for democratic change (fuc)	4
297	conqueror army	2
298	national liberation people's front (fpln)	1
299	gaddafi loyalists	4
300	iraqi sunni extremists	1
301	anti-iran government exiles	10
302	nvf	4
303	praveen dalam	1
304	progressive socialist party (psp)	1
305	iraqis	2
306	albanian liberation army	2
307	omar bin khattab group	1
308	revolutionary front for an independent east timor (fretilin)	10
309	military council of the tribal revolutionaries (mctr)	23
310	hekla reception committee-initiative for more social eruptions	5
311	punjabi taliban	3
312	chukakuha (middle core faction)	10
313	jaish-e-khorasan (jek)	2
314	national committee for the restoration of democracy and state (cnrdr)	1
315	tehrik-e-khilafat	16
316	fulani militants	184
317	kurdish militants	4
318	lebanese male	1
319	united national party	2
320	al-mua'qi'oon biddam brigade (those who sign with blood)	8
321	jaish-e-islam	17
322	miscreants	5
323	suriname liberation front	1
324	revolutionary struggle	24
325	southern mobility movement (yemen)	53
326	kokang	1
327	ashuar tribe	1
328	core conspirators for the extension of chaos (nãºcleo de conspiradores por la extensiã³n de kaos)	1
329	national liberation council of taniland	1
330	islamic army in iraq (al-jaish al-islami fi al-iraq)	9
331	ccccc	5
332	pro-khasbulaton rebels	2
333	suspended policemen	1
334	saraya al-mukhtar	1
335	islamic jihad group (ijg)	3
336	caucasus emirate	41
337	rebels backing deposed pres. zviad gamsakhurdia	1
338	revolutionary popular left	3
339	syrian resistance	3
340	al-gama'at al-islamiyya (ig)	258
341	east timorese activists	13
342	striking minors group	1
343	union parishad	1
344	delta democratic militia	1
345	actiefront nationalistisch nederland	2
346	youth gang	1
347	kilafah islamic movement	2
348	arbav martyrs of khuzestan	1
349	white wolves	2
350	simon bolivar guerrilla coordinating board (cgsb)	70
351	national renewal party	1
352	muslim brotherhood	30
353	national league for democracy	1
354	ansaru (jama'atu ansarul muslimina fi biladis sudan)	6
355	u/i islamic separatists	2
356	liberia peace council	1
357	bolivarian army of liberation	1
358	islamic revenge organization	1
359	free papua movement (opm-organisasi papua merdeka)	32
360	supporters of the islamic state in the land of the two holy mosques	2
361	revolutionary front for hatian advancement and progress (fraph)	4
362	former muslim guerrillas	1
363	st. kitts nevis labor party	1
364	khatm-e-nabuwat (ken)	2
365	afghan war veterans	1
366	communist party of india - maoist (cpi-maoist)	1587
367	somali guerrillas	1
368	armed islamic group (gia)	238
369	jose benito escobar workers federation	1
370	mai mai simba militia	4
371	people's national liberation movement	1
372	ansar al-dine (mali)	13
373	bangladesh road transport workers federation	2
374	national bolshevik party (partiya natsionalnikh bolshevikov â€“ pnb)	1
375	gn-95	1
376	naga people	14
377	united students forum	1
378	bahujan samaj party	2
379	sabaot tribe	1
380	chinese illegal immigrant	1
381	tupac amaru revolutionary movement (mrta)	41
382	terai janatantrik madhes party	1
383	kurds	8
384	anarchists attack team	1
385	charlot jacquelin militant front	1
386	jemaah islamiya (ji)	80
387	kidnapping gang	1
388	barisan revolusi nasional (brn)	10
389	liberation tigers of tamil eelam (ltte)	1095
390	punitive leftist front	5
391	jumuiya ya taasisi za kiislam (community of muslim organizations)	1
392	left-wing guerrillas	85
393	al-khobar	8
394	serbian guerrillas	11
395	islamic movement for change	1
396	ganda koi	1
397	mohajir national movement	8
398	mayi mayi	36
399	democratic front for the liberation of rwanda (fdlr)	45
400	m-19 (movement of april 19)	6
401	self defense forces	1
402	tripoli province of the islamic state	4
403	palestinian extremists	41
404	ansar al-jihad	1
405	the nation's army	1
406	gulf cartel	1
407	rival bangledesh chhatra league faction	1
408	black eagles	2
409	massive escape	1
410	angry brigade (italy)	2
411	dissident	1
412	february 17 martyrs brigade	6
413	national people's movement coordination committee	3
414	professional killers	2
415	russian unity	1
416	sudan revolutionary front (srf)	4
417	earth first!	2
418	colombian guerrillas	11
419	paramilitaries	41
420	tehrik-e-tuhafaz (pakistan)	2
421	donetsk people's republic	325
422	national front for the revolution in burundi (fronabu-tabara)	2
423	dayak gang	1
424	rival afghan group	1
425	minority unity forum	1
426	jadid al-qa`idah bangladesh (jaqb)	3
427	dissident military mmbrs of northern tribal group	1
428	sudanese rebels	1
429	comando autã³nomo voltaire argandoã±a	1
430	terai communist party	2
431	phineas priesthood	2
432	ariska brodraskapet (aryan brotherhood)	1
433	hadramawt tribes alliance	3
434	angry brigade	1
435	jihadist soldiers	1
436	chinese mafia	1
437	september 11	4
438	kamtapur liberation organization (klo)	13
439	hamza combat group against atheism and heresy	1
440	bhinderanwale tiger force of khalistan (bthk)	1
441	muslim united army (mua)	1
442	alex boncayao brigade (abb)	11
443	madhesi virus killers	1
444	anti-authority group (greece)	6
445	death squad	48
446	manuel ascencio padilla group	1
447	ahrar al-jalil (free people of the galilee)	5
448	karen national union	50
449	hizbul mujahideen (hm)	127
450	afghan revolutionary front	1
451	nationalsocialistisk front (nsf)	2
452	pro hartal activists	3
453	dima hasao national army	1
454	protectors of islam brigade	1
455	tehreek-e-nafaz-e-shariat-e-mohammadi (tnsm)	4
456	national council for defense of democracy (ncdd)	24
457	bodyguards of muslim warlord governor tupay loong	1
458	20 december movement (m-20)	6
459	jund al-tawid	1
460	algerian islamic extremists	373
461	revolutionary security apparatus	2
462	popular army for the restoration of democracy (aprd)	1
463	naga peopleâ€™s council (npc)	1
464	mullah dadullah front	1
465	rival soccer clubs	1
466	anarchist faction	2
467	instigators of social explosion	2
468	party unity	1
469	students	12
470	front for the liberation of the enclave of cabinda (flec)	12
471	people's liberation front of india	38
472	corsican farmers' front	1
473	paramilitary members	1
474	anti-racist guerrilla nuclei	1
475	revolutionary cells-animal liberation brigade	2
476	united democratic terai liberation front (udtlf)	1
477	extortionists	2
478	new indigenous army	1
479	terra lliure	5
480	islamic jihad organization (yemen)	2
481	national democratic front-bicol (ndf-bicol)	3
482	fighting guerrillas of may	3
483	forces for the defense of democracy (fdd)	6
484	mujahedeen group	1
485	army of islam	3
486	fighting for freedom coalition (fffc-ottawa)	1
487	akhilesh singh gang	1
488	gono bahini (gb)	2
489	chilean committee of support for the peruvian revolution	1
490	the front for the liberation of the cabinda enclave â€“ renewed (flec)	2
491	moro national liberation front splinter group	1
492	october 11 group	1
493	boer sentries	1
494	kuki tribesmen	6
495	jihadi movement of the sunna people of iran	1
496	free balochistan army (fba)	1
497	furious rebellion	1
498	islamic jihad front	2
499	maccabee squad and the shield of david	2
500	ranbir sena	15
501	chechen rebels	328
502	baluchi militant defense army	1
503	opposition group	98
504	lashkar-e-omar	2
505	ivorian popular front	1
506	sinhalese militants	2
507	union of peaceful citizens of algeria	1
508	mutassim bellah brigade	2
509	kirat janabadi workers party	5
510	left wing activists	3
511	revolutionary armed forces of colombia (farc)	1622
512	cell for internationalism	1
513	hill students council	1
514	paraguayan people's army (epp)	32
515	people's army's pioneers	2
516	u/i catholic traditionalists	1
517	united somali congress	1
518	asylum seekers	1
519	army of the republic of ilirida	2
520	arabs	2
521	mujahedeen shura council	8
522	farzandan-e-millat	2
523	islamic movement of kashmir	2
524	tamil liberation army	2
525	the justice department	15
526	powers of the revolutionary arc	1
527	armed people	10
528	turkish hizballah	6
529	rahanwein resistance army (rra)	7
530	oromo liberation front	10
531	beja congress	4
532	dignity command	1
533	kashmiri hizballah	2
534	guerrillas	5
535	devrimici halk kurtulus cephesi (dhkp/c)	27
536	moslem activists	51
537	rioters	5
538	h-world/heavenly group	1
539	revolutionary people's struggle (ela)	18
540	gangs of conscience	2
541	karenni national progressive party	5
542	ethiopian people's revolutionary party	1
543	economic freedom fighters	7
544	hindu group	5
545	paupa new guinea troops	1
546	democratic karen buddhist army (dkba)	25
547	red flag (venezuela)	2
548	sindh liberation front	2
549	syrian army deserters	1
550	tawhid and jihad (palestine)	2
551	blacks	1
552	sabaot tribesmen	1
553	national united front of democracy against dictatorship (udd)	1
554	breton separatists	1
555	right-wing youths	1
556	janjaweed	106
557	mombasa republican council (mrc)	11
558	mozambique liberation front (frelimo)	1
559	islamic tendency	1
560	islamic front (syria)	23
561	national accord movement	1
562	south londonderry volunteers (slv)	2
563	habi's er'roub seriat	1
564	togolese peoples rally	1
565	u/i somali militiamen	2
566	ujjan tribe	1
567	congolese patriotic resistence-patriotic armed forces (pareco/fap)	2
568	dissident republican guard	1
569	ijaw militants	5
570	enyele militia	2
571	taxi drivers	6
572	revenge brigade	1
573	loyalist volunteer forces (lvf)	27
574	corsican separatists	21
575	armed revolutionary action (enedra)	3
576	grupo de combatientes populares	3
577	communist party of nepal (people's war group)	8
578	aba cheali group	1
579	14 k triad	4
580	february 12 movement	2
581	azerbaijan guerrillas	6
582	los rastrojos (colombia)	3
583	state council of indian and peasant organization	1
584	pattali makkal katchi (pmk)	4
585	freedom eagles of africa	2
586	zetas	2
587	islamic international peacekeeping brigade (iipb)	2
588	pro-palestinian immigrants	2
589	islamist sufi group	1
590	human rights defence committee	1
591	hassan mabkhut group	2
592	islamic revival movement	1
593	turks of western thrace	1
594	deniers of holidays	1
595	united front for democracy against dictatorship	22
596	gunmen loyal to mohammad farah aideed	1
597	god's army	2
598	bini-oru	1
599	al-herak al-tihami movement	1
600	protesters	7
601	pemuda pancasila	1
602	palestinian islamic revolutionary army	2
603	united wa state army	1
604	kurdish rebels	1
605	gazteriak	1
606	chukakuha revolutionary army	1
607	workers/employees	8
608	islamic golden army	1
609	al-nawaz	1
610	zehri youth force (zyf)	1
611	draa el mizan seriat	2
612	proletarian assault group	1
613	taliban	4279
614	former govt. troops	2
615	al-masni tribe	1
616	mujahidin ambon	1
617	koreans	2
618	incendiary committee of solidarity for detainees	1
619	libya revolutionaries operations room (lror)	7
620	mujahedeen army	3
621	colonel albert kahasha militia	1
622	juan antonio lavalleja command	1
623	swaziland youth congress (swayoco)	1
624	supporters, house speaker ramon mitra	1
625	egyptians	1
626	al ummah	16
627	friendly company	1
628	anarchist squad	1
629	ansar al sunnah (palestine)	4
630	government supporters	2
631	bosnian refugee	1
632	civic united front (cuf)	1
633	brigades of imprisoned sheikh omar abdel-rahman	3
634	hutus former soldiers	5
635	ansar al-sunna	18
636	bani nawaf tribe	1
637	national united front for an independent, neutral, peaceful, and cooperative cambodia (funcinpec)	2
638	bodo militants	30
639	republic of texas	1
640	union of chadian forces (ufnt)	1
641	greater damascus operations room	4
642	red dawn front (frente amanecer rojo)	2
643	national socialist underground	14
644	february 14th movement	4
645	anarkista jorge banos front of the everyone for the homeland movement (mtp)	1
646	guajajara tribe	1
647	convention of liberal reformers (clr)	1
648	tuareg guerrillas	12
649	militant peasants (nfi)	2
650	al-haramayn brigades	3
651	clandestini corsi	2
652	junaid jihadist battalion	1
653	muslim youth	3
654	indians	1
655	union of congolese patriots (upc)	2
656	dagestani shari'ah jamaat	5
657	fuerzas populares jose leonardo chirinos	1
658	dissident republicans	46
659	adivasi national liberation army (anla)	6
660	attaches	1
661	syrian mujahideen	1
662	albanian exiles	1
663	people's liberation army (india)	58
664	minawi's faction forces.	2
665	sandval (union) movement	1
666	janatantrik terai mukti morcha- rajan mukti (jtmm-r)	16
667	jewish extremists	18
668	naxalites	44
669	farighan	3
670	jaish al-ta'ifa al-mansura	2
671	niger delta people's volunteer force (ndpvf)	4
672	people's fighter group (band of popular fighters)	1
673	tabu tribe	1
674	miners	1
675	bru national liberation front (bnlf)	1
676	samyukta terai madhes mukti party	1
677	popular resistance (laiki antistasi)	2
678	scottish national liberation army	2
679	jund al-islam	4
680	squatters	1
681	patriotic union of kurdistan (puk)	5
682	rastas	2
683	aniban ng ayaw sa komunista (anak)â 	1
684	grozny jamaat	1
685	attack teams for the dissolution of the nation (greece)	3
686	tupamaro revolutionary movement	4
687	diraa al-shahbaa rebel brigade	1
688	tajik rebels	1
689	a'chik tiger force	1
690	serbs	3
691	al zulfikar	1
692	kuki national army (kna)	3
693	agudat israel party	1
694	union of democratic forces	1
695	yatama	2
696	liwa al-haqq	1
697	m23	8
698	al-qa`ida in iraq	636
699	popular front for the liberation of palestine (pflp)	80
700	hanchongryun	1
701	people's revolutionary party of kangleipak (prepak)	20
702	moro ghuraba	1
703	revolutionary voice of the people (vpr)	2
704	terai janatantrik party (tjp)	2
705	bangladesh sarbahara party	3
706	al-umar mujahideen	7
707	saharan revolutionary armed front (fars)	3
708	al-madina	5
709	grey wolves	5
710	vandalicia teodoro suarez	1
711	kamal boulander group	1
712	sammilito sangskritik jote (alliance of cultural forums)	1
713	hafiz gul bahadur group	1
714	niger delta vigilante (ndv)	3
715	national peopleâ€™s party (rashtriya janata dal - rjd)	1
716	communists	1
717	janatantrik terai mukti morcha- jwala singh (jtmm-j)	79
718	shield of islam brigade	2
719	defenders of the nation's sovereignty	1
720	bangsamoro national liberation army	1
721	vishwa hindu parishad (vhp)	9
722	amr bil maroof wa nahi anil munkir	4
723	national santhali liberation army (nsla)	1
724	guerrilla army of the poor (egp)	2
725	anti - election demonstrators	1
726	concerned citizens	1
727	etnocacerista movement	1
728	xhosa tribal workers	1
729	al barq	2
730	rashtriya swayamsevak sangh	4
731	donskoy army	4
732	free aceh movement (gam)	113
733	karbi people's liberation tigers (kplt)	20
734	anticlerical pro sex toys group	2
735	association for the enhancement of the justice of the great japan	1
736	movement for democracy and justice in chad (mdjt)	2
737	nationalist students	1
738	huthis	171
739	national liberation front (fnl) (burundi)	31
740	volunteers of innocent people of nagas (vipn)	1
741	al-shuda brigade	6
742	algeisk wolves	3
743	revolutionary headquarters (turkey)	1
744	albanians	29
745	black malian group	1
746	union members	2
747	al-ahwaz arab people's democratic front	5
748	brelvi muslims	2
749	palestinian hezbollah	3
750	munadil al-jumalyi brigade	1
751	hezb-e wahdat-e islami-yi afghanistan	5
752	ukrainian nationalist group	2
753	ejercito revolucionario guevarista (guevarist revolutionary army)	1
754	erotic anti-authority cells	1
755	nomadic afars	1
756	el mico rebel gray	1
757	el-feth katibat	1
758	timorese students	3
759	fundamentalists	2
760	somali gang	1
761	kurdistan freedom hawks (tak)	15
762	gunmen	269
763	abu jaafar al-mansur brigades	1
764	king street	1
765	ansar sarallah	1
766	somali islamic front	3
767	al-madani brigade	1
768	kuna indians	6
769	rival parts	1
770	al zawahiri loyalists	1
771	kanglei yawol kanna lup (kykl)	9
772	kuki liberation army (kla)	4
773	movement for democratic change (mdc)	3
774	revolutionary front	1
775	anonima sequestri	1
776	tawheedul islam	1
777	al-zaidi tribe - mareb	1
778	sudan alliance forces	4
779	revolutionary united front (ruf)	65
780	yimchunger liberation front (ylf)	1
781	palestinians	255
782	armenian secret army for the liberation of armenia	1
783	bosnian croats	1
784	faithful resistance	1
785	right-wing group	3
786	revolutionary perspective	5
787	islamic renewal movement	1
788	anti-government guerrillas	12
789	tamils	2
790	liberals of galilee	1
791	fatherland for the poor	2
792	kenya african national union (kanu)	5
793	chakma tribal group	1
794	revolutionary action of liberation	4
795	lashkar-e-jarrar	3
796	al-adl wal ihsane	2
797	unified communist party of nepal (maoist)	1
798	zulu miners	1
799	committee for a national drive for peace and democracy	1
800	detonators of social uprisings	1
801	abkhazian separatists	5
802	rebellious group lambros foundas	1
803	institutional revolutionary party (pri)	14
804	adivasi people's army (apa)	3
805	movement of the revolutionary left (mir) (chile)	6
806	communist party of nepal- maoist (cpn-m)	23
807	hoodie wearers	1
808	al-faruq militia	1
809	krikapi indians	1
810	insurgents	9
811	mungiki sect	4
812	the new irish republican army	21
813	bzers	1
814	coordination committee (corcom)	20
815	islamic movement of martyrs	1
816	anti kurdish workers party iraq nationals	1
817	bavarian liberation army	3
818	al ashtar brigades	8
819	illuminating paths of solidarity	6
820	shinwari tribe	1
821	activists	17
822	baloch nationalists	24
823	orange volunteers (ov)	11
824	luhansk people's republic	110
825	dioulas tribal group	1
826	southern yemen separatists	6
827	mahaz-e-inquilab	3
828	janatantrik terai mukti morcha- bisphot singh (jtmm-b)	3
829	student demonstrators	2
830	eastern turkistan islamic movement (etim)	8
831	dignity for colombia	4
832	black star	7
833	circle of violators/nucleus lovers of anomy	6
834	association of students and pupils in mali (aeem)	1
835	al-arifeen	5
836	ansar al-sharia (libya)	44
837	japan national youth alliance	1
838	revolted persons of the polytech school	1
839	jagrata towhidi janata (rising faithfuls)	1
840	baby liberation army	1
841	mabanese defence forces	3
842	gbagbo loyalists	7
843	libya shield force	13
844	madhesi mukti tigers (mmt)	10
845	manipur nationalist revolutionary party (mnrp)	1
846	terena indians	2
847	islamic swords of justice in the land of ribat	1
848	ogaden national liberation front (onlf)	7
849	armed forces of the chechen republic of ichkeria	12
850	sikh extremists	91
851	sayfullakh	1
852	red brigades	2
853	popular liberation army (epl)	18
854	jharkhand bachao aandolan	1
855	nihilists faction	2
856	former soldiers/police	2
857	misrata brigades	7
858	ingush rebels	4
859	sovereign citizen	2
860	popular liberation front urban commando	1
861	tehrik al-mojahedin	2
862	achik national liberation army (anla)	2
863	kata'ib al-khoul	2
864	mesopotamian army (mezor)	1
865	national liberation alliance of sa kaeo	1
866	labor union leaders	1
867	umbane people's liberation army (swaziland)	2
868	achik national volunteer council-b (anvc-b)	10
869	animal rights militia	1
870	jacinto araujo internationalist rebel insurrectionist brigade	1
871	unarmed algerian	1
872	loyalists	6
873	anti-government rebels	3
874	peasant squatters	1
875	national youth service of zimbabwe	1
876	jaish al-mukhtar	1
877	global intifada	3
878	achik national volunteer council (anvc)	4
879	the black sun	1
880	kalpar tribesmen	2
881	nuclei communist combattants	1
882	red sea afar democratic organization (rsado)	4
883	basque separatists	2
884	kashmir freedom force	1
885	jaysh al-islam (libya)	1
886	former student hostel	1
887	jaish-e-mohammad (jem)	34
888	al-sunna wal jamma	1
889	cambodian gunmen	1
890	umar al-mukhtar martyr forces	3
891	anti-establishment nucleus	2
892	guatemalan national revolutionary unity (urng)	54
893	union of forces for democracy and development (ufdd)	3
894	comando independiente revolucionario	1
895	somali national alliance	2
896	cossack separatists	6
897	chin national army	1
898	tehreek-e-jehad-e-islami	2
899	united kuki liberation front (uklf) - india	4
900	god's oppressed army	2
901	tamil nadu liberation army	6
902	national democratic alliance (nda)	1
903	young officer union of the new generation and reformist armed forces of the philippines (you-rafp)	1
904	militant forces against huntingdon	1
905	bedouin tribesmen	10
906	right-wing extremists	14
907	shura council of benghazi revolutionaries	5
908	national liberation army (nepal)	1
909	anarchist action (ca / united states)	1
910	joint meeting parties (jmp)	1
911	kurdish islamic unity party	1
912	national democratic front of bodoland (ndfb)	167
913	anarchist attack consortium	1
914	khorasan chapter of the islamic state	2
915	ahrar al-sham	5
916	islam liberation front	2
917	23 may democratic alliance (algeria)	3
918	pareci indians	1
919	katap ethic group	1
920	shahid khalsa force	2
921	united baloch army (uba)	59
922	hungarian skin head group	1
923	asif raza commandos	2
924	zairian dissidents	1
925	political activists	6
926	niger delta freedom fighters (nddf)	1
927	baya tribe	1
928	unemployed persons	6
929	armed group for the defence of the people	2
930	revolutionary bolivariano movement 200	2
931	national organization of cypriot fighters (eoka)	1
932	boricua revolutionary front	1
933	intifada martyrs	1
934	citizen's rights protection volunteers	2
935	socialist recovery movement	1
936	people's democratic struggle movement	1
937	communist party of nepal- unified marxist-leninist (cpn-uml)	3
938	rohingya solidarity organization	3
939	people's militia of dagestan	2
940	bangladesh nationalist party (bnp)	52
941	diyala salvation council	1
942	islamic state of iraq (isi)	146
943	bersatu	1
944	ethnic russian separatists	1
945	al-hamas mujahideen	1
946	secret organization of al-qaâ€™ida in europe	4
947	anti-imperialist cell (aiz)	3
948	musa sudi yalahow militia	1
949	kosovo liberation army (kla)	55
950	lashkar-e-fidayan-e-islam	2
951	lashkar-e-taiba (let)	163
952	popular militia (colombia)	7
953	muslim guerrillas	6
954	opposition jatiya samajtantrik del party	1
955	serb demonstrators	1
956	wahhabi movement	2
957	lehava	1
958	baluchistan national army	1
959	niger delta patriotic force	2
960	people's revolutionary army (erp)	11
961	popular resistance committees	61
962	islamic movement organization	1
963	special purpose islamic regiment (spir)	3
964	saudi hizballah	1
965	national democratic party	2
966	congress of kabardian people	1
967	union of revolutionary communists in turkey (tikb)	1
968	young communist league	11
969	landless peasants' movement (mst)	6
970	basic people's congresses	1
971	egbema national front	1
972	eritrean liberation front	1
973	youths	18
974	save kashmir movement	5
975	baloch republican army (bra)	198
976	movement for the emancipation of the niger delta (mend)	83
977	colombia without guerrillas	4
978	east turkistan liberation organization	1
979	khorasan jihadi group	2
980	derna mujahideen shura council	2
981	tamil makkal viduthalai pulikal (tmvp)	4
982	al-jihad (pakistan)	1
983	zemun clan	1
984	shanti bahini - peace force	33
985	janatantrik terai mukti morcha- goit (jtmm-g)	29
986	tela mohammed	1
987	angry foxes cell	1
988	wild freedom	1
989	the association for islamic mobilisation and propagation (uamsho)	4
990	tuaregs	29
991	dacoits	3
992	jundallah	34
993	farm animal revenge militia (farm)	2
994	hizb al-tahrir al-islami (ht)	7
995	hamawand tribe	1
996	salafi extremists	1
997	bosnian serbs	2
998	partisan sharpshooters	1
999	gholam yahya akbar	1
1000	african national congress (south africa)	24
1001	raskamboni movement	1
1002	just punishment brigades	1
1003	lashkar-e-jhangvi	102
1004	people's democratic army	4
1005	national liberation force of bengalis (bangali janamukti bahini)	4
1006	iranians	1
1007	children of november	2
1008	sandinista national liberation front (fsln)	3
1009	sinai province of the islamic state	17
1010	united janatantrik terai mukti morcha (u-jtmm)	1
1011	asa'ib ahl al-haqq	13
1012	al-shabaab	1739
1013	aibed er-rahman katibet	1
1014	tolib ayombekov loyalists	1
1015	al-islah party	4
1016	continuity irish republican army (cira)	29
1017	anti-democratic struggle	2
1018	mazari tribesmen	1
1019	federation of students and scholars of cote d'ivoire (fesci)	2
1020	civilian joint task force (jtf)	1
1021	revolutionary violence units	1
1022	jund al-khilafa	6
1023	student network of mandalay	1
1024	revenge of the trees	1
1025	turkish communist party/marxist (tkp-ml)	25
1026	forbidden blockade (greece)	1
1027	army of god	9
1028	supreme command for jihad and liberation	2
1029	naga national council (nnc)	2
1030	ku klux klan	3
1031	dukhta-ran-e-millat	1
1032	right-wing militants	2
1033	lashkar-e-balochistan	15
1034	iraqi revolutionary forces	4
1035	al furqan brigades	3
1036	313 brigade (syria)	3
1037	aitarak militia	4
1038	informal anarchist federation	44
1039	panama defense force	3
1040	al nasirin (india)	2
1041	catholic reaction force	2
1042	action front nationalist librium	1
1043	terai rastriya mukti sena (trms)	1
1044	sirri powz	2
1045	m-19 splinter	1
1046	tehrik-e-galba islam	2
1047	popular front for justice in the congo	5
1048	islamic front for the liberation of bahrain	1
1049	nandi tribe	1
1050	zionist resistance fighters	1
1051	ningo tribe	1
1052	muslim militants	230
1053	takfir wal-hijra (excommunication and exodus)	11
1054	shop owners	1
1055	ninjas	9
1056	armed islamic movement	1
1057	strike enforcers	1
1058	jharkhand janmukti parishad (jjp)	1
1059	mawlawi and mansour group	1
1060	resistance cell	1
1061	people's war group (pwg)	82
1062	boer republikeinse leer	1
1063	united a'chik liberation army (uala)	5
1064	sudan people's liberation army (spla)	35
1065	tehama movement	1
1066	al-intiqami al-pakistani	2
1067	bin zabyan tribesmen	1
1068	georgian sabotage group	1
1069	aisha umm-al mouemeneen (brigades of aisha)	1
1070	supporters of leftist gana-oikya front	2
1071	kaingang indians	1
1072	al-qa`ida in the lands of the islamic maghreb (aqlim)	230
1073	national socialist council of nagaland-khole-kitovi (nscn-kk)	2
1074	cleansing squad	2
1075	united democratic liberation army (udla)	9
1076	janatantrik terai madhes mukti party- bhagat singh (jtmmp)	1
1077	antifascist action	1
1078	red brigades fighting communist party (br-pcc)	4
1079	resistenza	52
1080	u/i liberians	1
1081	fatherland	1
1082	epanastatiki anatropi (revolutionary overthrow)	1
1083	robin food	4
1084	okba ibn nafaa brigade	3
1085	west side boys	1
1086	first capital command (pcc)	1
1087	anti-revolutionary agents	3
1088	al-qaqa brigade	6
1089	kharkiv partisans	3
1090	1920 revolution brigades	2
1091	aqmur	1
1092	sudanese people's front	1
1093	brigade of al-mukhtar al-thaqafi	1
1094	veterans united for non-religious memorials	2
1095	yokoku seiwa-kai	1
1096	armenian guerrillas	2
1097	local residents	1
1098	jammu and kashmir islamic front	4
1099	jamaat tauhid wal jihad (pakistan)	1
1100	black hawks (anti-wahhabists)	1
1101	macetos (paramilitary group)	1
1102	313 brigade	2
1103	libyan militia	2
1104	pan africanist congress (pac)	4
1105	al-sunni muslim sect	1
1106	comite d'action viticole	6
1107	islami jamiat-e-talaba (ijt)	2
1108	french national	1
1109	irianese tribesmen	2
1110	white legion (georgia)	3
1111	new people's army (npa)	1036
1112	anti-apostate movement alliance (agap)	1
1113	mujahedeen brigades	1
1114	allied democratic forces of guinea (rdfg)	1
1115	albatros commando	1
1116	people's guerrilla front	1
1117	combat 18	3
1118	ulster volunteer force (uvf)	48
1119	bihar people's  party (hindu militants)	1
1120	front for the restoration of unity and democracy	4
1121	movement for oneness and jihad in west africa (mujao)	47
1122	colonel karuna faction	11
1123	kuki revolutionary army (kra)	5
1124	rastriya janashakti party (rjp)	1
1125	earth liberation front (elf)	83
1126	babbar khalsa international (bki)	5
1127	mlada bosna	1
1128	zwai tribe	2
1129	al-toaiman tribesmen	2
1130	thavar caste	1
1131	civilians seeking revenge	1
1132	bangsamoro islamic freedom movement (bifm)	183
1133	u/i militia group led by raul martinez	1
1134	athens and thessaloniki arsonist nuclei	8
1135	abu nidal organization (ano)	8
1136	grupo libertad	1
1137	shan united revolutionary army	5
1138	togolese dissidents	3
1139	mujahideen islam pattani	4
1140	corsican nationalists	4
1141	bandits	12
1142	islamic shashantantra andolon (isa)	2
1143	alliance of patriots for a free and sovereign congo (apcls)	1
1144	last generation	1
1145	haqqani network	72
1146	madhesi peopleâ€™s rights forum (mprf)	3
1147	juarez cartel (carrillo-fuentes / mexico)	1
1148	all coppers are bastards (acab)	2
1149	revolutionary insurgent armed forces of ecuador (faire)	1
1150	armed forces for a federal republic (farf)	1
1151	students  u of png	1
1152	anarchist anti-capitalist action group	1
1153	social christian party (psc)	1
1154	the islamic movement	1
1155	u/l men	1
1156	local extremist	1
1157	conscientious arsonists (ca)	5
1158	army of the tribes	1
1159	tanzim	6
1160	united national liberation front (unlf)	22
1161	georgian guerrillas	1
1162	motherland party	1
1163	macheteros	3
1164	movement for democracy and development (mdd)	1
1165	e. timorese youths	6
1166	harakat ul-mujahidin al-almi	1
1167	laiq chanio group of dacoit bandits	1
1168	sword of islam	1
1169	provisional rspca	1
1170	political group	13
1171	german resistance movement	2
1172	ansar wa mohajir (pakistan)	2
1173	nobles of jordan	1
1174	civil war veterans	2
1175	mutahida majlis-e-amal	2
1176	united karbi liberation army (ukla)	1
1177	arab people's group	1
1178	maoists	856
1179	friends of freedom	2
1180	democratic iraqi opposition of germany	1
1181	justice and equality movement (jem)	18
1182	arab movement of azawad (maa)	3
1183	jaish-e-mohammad (iraq)	1
1184	mujahedin-e khalq (mek)	62
1185	uganda democratic christian army (udca)	1
1186	group of carlo giuliani	1
1187	national liberation front of provence (flnp)	3
1188	left-wing demonstrators	5
1189	jamaica labor party	1
1190	marhan clan	1
1191	baloch liberation front (blf)	79
1192	al-qa'ida in saudi arabia	7
1193	azawad national liberation movement (mnla)	17
1194	all kamatapur liberation force	1
1195	tripura separatists	1
1196	people's revolutionary organization	14
1197	avengers of the infants	2
1198	supporters of ex-president gamsakhurdial	10
1199	supporters opposition leader etienne tshisekedi	1
1200	jharkhand liberation tigers (jlt)	6
1201	rival activists	10
1202	14 march coalition	1
1203	maoist communist party (mkp)	2
1204	khalid ibn walid brigade	1
1205	ethiopians	2
1206	animal liberation front (alf)	91
1207	air and azawak liberation front	3
1208	manuel rodriguez patriotic front (fpmr)	28
1209	national union for the total independence of angola (unita)	170
1210	national republican movement for democracy and development (mrnd)	1
1211	sandinista protester	1
1212	the irish volunteers	1
1213	islamic defenders' front (fpi)	2
1214	popular army vanguards- battalions of return	2
1215	islamic movement of iraqi mujahidin	1
1216	counter-revolutionaries	1
1217	retired soldier	1
1218	aryan nation	1
1219	zaghawa ethnic group	1
1220	tiv militia	1
1221	jatav caste	1
1222	hill tiger force (htf)	4
1223	jihad islamic league front	1
1224	armed renaissance group of ahvaz	2
1225	liberians united for reconciliation and democracy (lurd)	6
1226	sunni muslims	23
1227	muslim renewal	1
1228	al-yemenia al-ulia tribesmen	1
1229	harkat ul ansar	14
1230	shan state army	7
1231	yich telga	1
1232	people's amn committee	2
1233	united front for nigeria's liberation (ufnl)	1
1234	kurdish protestors	1
1235	amazigh islamic front	1
1236	nepal defense army	6
1237	recompras	11
1238	irish republican extremists	20
1239	national development party (ndp)	1
1240	ittehad-i-islami	1
1241	al-bakazim	2
1242	maasai	1
1243	united revolutionary front	5
1244	borderless solidarity cell (bsc)	1
1245	janatantrik terai mukti morcha- ranbir singh (jtmm-rs)	3
1246	movement of the islamic state (mei)	1
1247	miskito indian organization	2
1248	ansar al-tahwid wal sunna	1
1249	former interior ministry officers	3
1250	neo-nazi group	201
1251	muttahida qami movement (mqm)	168
1252	besi merah putih militia	3
1253	merille militia	4
1254	modakeke ethnics	4
1255	free vietnam movement	1
1256	secessionists	3
1257	laskar jihad	7
1258	al-qa'ida in the indian subcontinent	4
1259	abkhazian guerrillas	2
1260	international justice group (gama'a al-adela al-alamiya)	1
1261	rodolfo walsh national command	1
1262	harkatul jihad-e-islami	21
1263	himali tigers	1
1264	people's liberation organization of tamil eelam	1
1265	national liberation army of colombia (eln)	697
1266	burmese minority group pirates	1
1267	depositers angered	1
1268	kach	6
1269	fuerzas armadas revolucionarias del pueblo (farp)	3
1270	rival zulu group, name not stated	1
1271	kashmiri militants	48
1272	jarrai	2
1273	ansar al-din	1
1274	cambodian guerrillas	1
1275	united ethnic liberation front (uelf)	2
1276	armed vanguards of a second mohammed army	1
1277	hizballah	255
1278	elos security firm	1
1279	jamat al-tawhid wal-qisas	6
1280	anti-govt student groups	1
1281	fighting guerrilla formation	5
1282	islamic arab front of azawad (fiaa)	2
1283	individuals tending toward savagery	2
1284	tupac katari guerrilla army (egtk)	14
1285	people's democratic party (pdp)	5
1286	vigorous burmese student warriors	2
1287	aryan republican army	16
1288	anti-zionist movement	2
1289	ahlu-sunah wal-jamea (somalia)	5
1290	random anarchists	1
1291	leftist guerrillas-bolivarian militia	1
1292	red hand commandos	4
1293	bharatiya janata party	2
1294	fatherland and liberty nationalist front (fnpl - frente nacionalista patria y libertad fnpl)	1
1295	moro islamic liberation front (milf)	340
1296	national liberation army (nla) (macedonia)	35
1297	island brigade (libya)	2
1298	national front security service	1
1299	martyr sami al-ghul brigades	1
1300	muslim rebels	37
1301	kurdish demonstrators	1
1302	sardinian autonomy movement	1
1303	banner of islam	1
1304	people's united democratic movement (pudemo)	1
1305	democratic union party (pyd)	2
1306	isatabu freedom movement (ifm)	1
1307	civil servants and unionists	1
1308	dnestr rebels	1
1309	turkish leftists	8
1310	jaysh tahkim al-din	1
1311	al-nusrah front	153
1312	khmer rouge	155
1313	tribal guerrillas	2
1314	naga students federation	2
1315	national front against tigers (nfat)	3
1316	anti-castro group	1
1317	opossition 48 hour general strikers	1
1318	communist party of nepal-maoist (baidya)	34
1319	zintani militia	1
1320	danish neo-nazi group	1
1321	karnataka state farmers association	1
1322	mujahideen ansar	19
1323	local landlord employee	1
1324	faqra tribal group	1
1325	pakistan muslim league (pml)	1
1326	revolutionary proletarian army	1
1327	unification army sons brigade	1
1328	fedayeen imam mahdi	1
1329	people's united liberation front (pulf)	9
1330	al-zintan revolutionaries' military council	1
1331	khmer bandits	2
1332	timorese guerrillas	2
1333	last alternative guerrilla front	1
1334	tibetan separatists	1
1335	corsican national liberation front- historic channel	84
1336	u/i private army of wral politician	1
1337	sunni supporters	1
1338	minutemen american defense	1
1339	united people's front	1
1340	tajamo ansar al-islam	1
1341	liberation war veterans association	1
1342	liberation and justice movement (ljm)	11
1343	anti-abortion activists	66
1344	anti-state action	3
1345	democratic movement for the liberation of the eritrean kunamas (dmlek)	2
1346	sovereign panama patriotic front	1
1347	jamaat-e-islami (india/pakistan)	11
1348	fatah al islam	2
1349	terai madheshi mukti morcha (tmmm)	1
1350	gang	2
1351	red hand defenders (rhd)	23
1352	conspiracy of cells of fire	54
1353	mujahedin kompak	1
1354	mahidi	1
1355	cambodian freedom fighters (cff)	5
1356	samyukta janatantrik terai mukti morcha (sjtmm)	5
1357	jamaah ansharut tauhid (jat)	8
1358	jenin martyrs brigades	1
1359	afghan mujahideen	1
1360	muslim separatists	147
1361	mahaz fedai tahrik islami afghanistan	4
1362	guatemalan hired assasins	1
1363	zomi revolutionary army (zra)	2
1364	khalistan commando force	1
1365	maori	1
1366	revolutionary cells (argentina)	2
1367	bangalee somo odhikar andolon	1
1368	khalistan liberation force	5
1369	supporters of ret. gen. lino oviedo	1
1370	seleka	25
1371	karbi national volunteers (knv)	3
1372	muslim fundamentalists	310
1373	democratic revolutionary party	11
1374	ikhwan jammu and kashmir	2
1375	face to face (face-a-face)	1
1376	militant minority (greece)	7
1377	shahin (falcon)	1
1378	extremists	4
1379	rabha national security force	3
1380	kaitseliit paramiltary group	1
1381	new revolutionary alternative (nra)	1
1382	united liberation front of assam (ulfa)	285
1383	lithuanian land guard	1
1384	tarok militia	2
1385	niger delta liberation force (ndlf)-nigeria	3
1386	supporters of president j-b aristide	1
1387	angola rebels	1
1388	jamaat-ul-ahrar	13
1389	al-qa`ida	80
1390	strikers	24
1391	proletarian solidarity	1
1392	buddhist monks	40
1393	abu sayyaf group (asg)	321
1394	islamic front	6
1395	red line	1
1396	afghans	2
1397	madhesi liberation front	2
1398	separatists	334
1399	ohabi islamic sect	1
1400	hasmoneans (jewish settler group)	1
1401	baloch liberation army (bla)	121
1402	revolutionary cells	1
1403	organized crime	2
1404	cinchoneros popular liberation movement	4
1405	al-mansoorian	21
1406	shamiya front	1
1407	youth of islamic awakening	1
1408	greek anarchists' union	2
1409	jamaa al-islamiya al-alamiya (world islamist group)	3
1410	zero tolerance	4
1411	armenian militants	1
1412	maoist communist party of manipur	1
1413	jund al-sahabah group	1
1414	skif detachment	2
1415	lufa tribesmen	1
1416	polish skinheads	1
1417	pahadi cheetah	1
1418	boz-ok (grey arrow)	1
1419	abu tira (central reserve forces)	1
1420	student militants	1
1421	arsonists	2
1422	christians	1
1423	death to rustlers	3
1424	armed forces revolutionary council (afrc)	4
1425	all nepal national free student union-revolutionary	2
1426	anti-balaka militia	34
1427	urban guerrilla war	1
1428	israeli extremists	21
1429	odua peoples' congress (opc)	4
1430	liwa al-islam	4
1431	telangana separatists	2
1432	all india anna dravida munetra kazgan party	2
1433	maximiliano hernandez martinez brigade	1
1434	islamic state of iraq and the levant (isil)	1636
1435	imam hussein brigade	2
1436	islamic salvation front (fis)	152
1437	mahdaviyat	1
1438	people's tamil organization	2
1439	bharat zinc workers	1
1440	armed forces for liberation of east timor (falintil)	2
1441	revolutionary proletarian initiative nuclei (nipr)	2
1442	al-fatah	43
1443	cuban exiles	2
1444	death to the demobilized militias	1
1445	sindhi nationalists	3
1446	kenyan rebels from uganda	1
1447	salafi abu-bakr al-siddiq army	2
1448	a'chik songna an'pachakgipa kotok (asak)	8
1449	u/i asian gang	1
1450	moslem paramilitary group	1
1451	hizbul al islam (somalia)	37
1452	bodo peopleâ€™s front (bpf)	1
1453	national army for the liberation of uganda (nalu)	3
1454	tehrik-e-taliban islami (tti)	1
1455	korea univ. students	1
1456	misseriya arab tribesmen	2
1457	demonstrators	1
1458	new patriotic party (npp)	2
1459	popular front for the liberation of the sahara	1
1460	azania people's organization (azapo)	3
1461	brunswijk jungle commando	1
1462	farabundo marti national liberation front (fmln)	9
1463	movement of niger people for justice (mnj)	10
1464	anti-government group	18
1465	bengali sangram mukti bahini	1
1466	the islamic revolution to liberate palestine	1
1467	justice army for defenseless peoples	1
1468	al-fatihin army (afa)	1
1469	mujahidin indonesia timur (mit)	10
1470	servants of islam organization	1
1471	taliban (pakistan)	38
1472	villagers	5
1473	great japan patriotic party	1
1474	national alliance (chad)	3
1475	wolves of islam	1
1476	sons of the gestapo	1
1477	people's sovereignty party (pdr)	1
1478	fight against authority	1
1479	terai cobra	2
1480	united liberation movement for democracy in liberia (ulimo)	2
1481	bougainville revolutionary army (bra)	20
1482	revolutionary leninist brigades	1
1483	the joint revolutionary council	7
1484	militants	75
1485	ultra nationalist group, name not given	1
1486	national democratic alliance of sudan	1
1487	international revolutionary front	3
1488	dynamic youth forum	2
1489	karamojong warriors	3
1490	national liberation front of tripura (nlft)	77
1491	yakariya bango insurgent group	2
1492	rival caste	5
1493	the extraditables	3
1494	movement for self-determination	1
1495	republican action against drugs (raad)	1
1496	al-qa'ida in lebanon	1
1497	vietnamese detainees	1
1498	pro-aristade	1
1499	irish people's liberation organization (iplo)	6
1500	red brigades fighting communist union (br-ucc)	1
1501	communist party of india- marxist-leninist	8
1502	malitia-pro govt	1
1503	huria kristen batak protestan (hkbp)	4
1504	latvian republic volunteer troops	1
1505	nepal people's army	2
1506	forest brothers	4
1507	kaka-tribesmen	2
1508	united people's democratic front (updf) - bangladesh	6
1509	uganda federal democratic alliance (ufeda)	1
1510	commandos for a popular alternative	4
1511	jund ansar allah	1
1512	aidid militia	1
1513	youth of the land of egypt	1
1514	iconoclasts	1
1515	first of october antifascist resistance group (grapo)	26
1516	halqa-e-mehsud	3
1517	thai islamic militants	58
1518	alexandros grigoropoulos anarchist attack group	1
1519	orakzai freedom movement	1
1520	jamiat-e islami-yi afghanistan	3
1521	serbian gangsters	1
1522	revolutionary continuity	1
1523	english defense league (edl)	1
1524	people's alliance	2
1525	jewish defense league (jdl)	2
1526	kahane chai	2
1527	muslims against global oppression (mago)	1
1528	boere aanvals troepe (bat)	3
1529	islamic unification movement	2
1530	shangytown residents	1
1531	croat democratic union	1
1532	algerian moslem fundamentalists	3
1533	tribesmen murad tribe	4
1534	south sudan liberation army (ssla)	3
1535	manatari brotherhood	1
1536	hamas (islamic resistance movement)	386
1537	communist trade union workers	1
1538	andres castro united front	3
1539	ansar al-sharia (tunisia)	13
1540	guadalcanal liberation front (glf)	1
1541	kurdish democratic party-iraq (kdp)	5
1542	militant moslem pilgrims	1
1543	front for the liberation of cabinda / cabinda armed forces (flec-fac)	2
1544	serbian irregulars	2
1545	islamic jihad (ideological grouping)	3
1546	opposition movement of colon province unemployed	1
1547	garo national liberation army	125
1548	demonstration led by french anti-nazi hunters	1
1549	solidarity with imprisoned members of action directe (ad)	2
1550	south ossetian separatists	10
1551	terai janatantrik party	1
1552	guadalcanal liberation army	1
1553	squadrons of terror (katibat el ahoual)	2
1554	baloch republican guards (brg)	5
1555	bani hilal tribe	1
1556	moro national liberation front (mnlf)	37
1557	sisters in arms	1
1558	hofstad network	1
1559	youth for revolution	1
1560	jaish al-umma (army of the nation)	1
1561	habr gedir clan	3
1562	popular front for the liberation of palestine, gen cmd (pflp-gc)	3
1563	new revolutionary popular struggle (nela)	1
1564	mujahideen youth movement (mym)	24
1565	lw	1
1566	afrikaner resistance movement (awb)	3
1567	hmar people's convention-democracy (hpc-d)	3
1568	tawhid and jihad	50
1569	baloch mussalah diffah tanzim (bmdt)	1
1570	ramzi nahra martyr organization	1
1571	supporters of second prime minister hun sen	1
1572	haika	1
1573	swatantra nepal dal	1
1574	al-qa'ida network for southwestern khulna division	2
1575	likud political party	3
1576	the united revolutionary front of bhutan	2
1577	cambodian people's party (cpp)	4
1578	russian separatists	2
1579	shiv sena	2
1580	matan abdulle	1
1581	democratic front for the liberation of palestine (dflp)	33
1582	bengali tiger force (btf)	1
1583	liberation army for presevo, medvedja and bujanovac (ucpmb)	3
1584	anti-nuclear society for a silent counter-offensive (angst)	1
1585	islamic youth shura council	3
1586	qari kamran group	1
1587	namchong-nyon students	1
1588	the jean marc rouillan armed and heartless columns	1
1589	al-mujahedin brigades (palestine)	1
1590	akhil terai mukti morcha (atmm)	12
1591	overall deniers of joining the existing	3
1592	anti-bhutto demonstrators	1
1593	individual	406
1594	militant organization of russian nationalists	1
1595	al-nasireen group	3
1596	pro-government students	1
1597	david yau yau militia	6
1598	khalistan zindabad (long live khalistan)	2
1599	sagrado corazon fanatic group	1
1600	democratic front of the central african people (fdpc)	7
1601	congolese rally for democracy (rcd)	1
1602	artigas guard commando	1
1603	sympathizers of al-qa`ida organization	4
1604	korubo tribe	1
1605	al-qa`ida in the arabian peninsula (aqap)	759
1606	fanmi lavalas	1
1607	cyrenaica self-defense force	2
1608	che guevara guerrillas	5
1609	jaysh al-muslimin (army of the muslims)	3
1610	fighters of democratic latvia	1
1611	proletariat self-defense groups	3
1612	sa'ad militia	1
1613	congolese democratic coalition	2
1614	nationalist integrationist front (fni)	1
1615	black mambas	1
1616	asbat al-ansar	3
1617	khumbuwan mukti morcha	2
1618	ethiopian dongiro tribesmen	1
1619	armed falange	1
1620	revolutionaries of the streets	2
1621	muslim extremists	20
1622	national socialist council of nagaland	14
1623	real ulster freedom fighters (uff) - northern ireland	4
1624	ansar bayt al-maqdis (ansar jerusalem)	76
1625	islamic mujahidin	2
1626	anti-imperialist commando	1
1627	national council of maubere resistance	1
1628	dnester region guerrilas	1
1629	rote zora	1
1630	pro-russia militia	10
1631	great eastern islamic raiders front (ibda-c)	38
1632	parbatya chattagram jana sanghati samity (pcjss) - bangladesh	2
1633	armata di liberazione naziunale (aln)	8
1634	caspian group	1
1635	united bengali liberation front (ublf)	3
1636	mazdoor kisan sangram samiti (mkss)	1
1637	rizvon sadirov group	2
1638	southern sierra peasant organization	2
1639	black widows	13
1640	anonymous underground movement (mca)	1
1641	civil association for peace in colombia, asocipaz	1
1642	organization 544	1
1643	kuki national liberation front (knlf)	3
1644	irish republican army (ira)	399
1645	al-naqshabandiya army	34
1646	al-badr	5
1647	civil defense force (cdf)	1
1648	al-sawaiq brigade	5
1649	barqa province of the islamic state	6
1650	al-jub tribe	1
1651	mujahedeen corps in iraq	2
1652	south sudan democratic army	1
1653	jewish fighting organization (eyal)	1
1654	mon guerrillas	1
1655	alcubar group	1
1656	civil guards	1
1657	hizb-i-islami	48
1658	rafallah al-sahati brigade	3
1659	anarchists	57
1660	armata corsa	3
1661	sipah-i-mohammed	7
1662	student radicals	2
1663	animal rights activists	11
1664	tehrik-e-nifaz-e-aman balochistan-jhalawan brigade (tnab-jhalawan brigade)	1
1665	unsubordinated desires	1
1666	uighur separatists	72
1667	may 15	1
1668	liwa ahrar al-sunna	17
1669	black african vigilantes	1
1670	hynniewtrep national liberation council (hnlc)	2
1671	terrorists guerrilla group	2
1672	smugglers and elephant poachers	1
1673	right-wing paramilitaries	14
1674	maoist farm laborers struggle committee (mxss)	1
1675	evangelical christians	1
1676	mob	4
1677	bru democratic front of mizoram (bdfm)	2
1678	kurdistan free life party	11
1679	nucleus of fighting communists	1
1680	abdullah azzam brigades	29
1681	porattom	1
1682	mahsud tribe	1
1683	egbesu youths of the bayelsa	2
1684	sudan liberation army-minni minawi (sla-mm)	11
1685	khun sa guerrillas	5
1686	united action council	3
1687	holders of the black banners	1
1688	movement for the actualization of the sovereign state of biafra (massob)	4
1689	mon insurgents	1
1690	rebels	35
1691	association of demobilized armed forces	3
1692	national liberation army (ecuador)	1
1693	modakeke ethnic activists	2
1694	harakat ansar iran (hai)	1
1695	serb radical party	1
1696	madhesh mukti sangram (mms)	1
1697	disgruntled petroecuador workers	1
1698	committee for the elimination of killer collaborators	1
1699	jaish al-adl	9
1700	all ethiopian unity party (aeup)	1
1701	revolutionary military council	1
1702	toposa and dongiro tribes	1
1703	ses'khona peoples' rights movement	1
1704	indian mujahideen	41
1705	jaljala army	1
1706	people's committee against police atrocities (pcpa)	27
1707	hizballah palestine	3
1708	dnestr republic separatists	2
1709	militant islamic group, name not stated	1
1710	basque fatherland and freedom (eta)	462
1711	borana bandits	1
1712	mahan madhesh janakantri party (mmjp)- nepal	4
1713	popular revolutionary army (mexico)	21
1714	democratic front for renewal (fdr)	2
1715	algerian moujahideen for moslems	1
1716	albanian national army (ana)	6
1717	islamic courts union (icu)	12
1718	sect of revolutionaries (greece)	3
1719	peasant self-defense group (accu)	24
1720	kachin independence army (kia)	9
1721	council for the destruction of order	1
1722	janatantrik terai mukti morcha (jtmm)	29
1723	biafra zionist movement (bzm)	2
1724	resistenza corsa	4
1725	tribesmen	84
1726	knights of janzour	1
1727	committee of coordination	4
1728	soskan tribe	1
1729	communist party of india- marxist	9
1730	organization for revolutionary self defense	1
1731	nduma defense of congo (ndc)	2
1732	peasant protesters	2
1733	rival party members	1
1734	left wing student group	1
1735	pentagon kidnap group	1
1736	abu obaida bin jarrah brigade	5
1737	sudan people's liberation movement - north	32
1738	presidential movement (mp) militiamen	1
1739	islamic movement of uzbekistan (imu)	12
1740	badr brigades	1
1741	ombatse cult	1
1742	puka inti maoist communist party	2
1743	comando bautista b	1
1744	anti-government demonstrators	6
1745	mong thai army (mta)	1
1746	loyalist action force	1
1747	libardo moratoro front	1
1748	palestinian activists	1
1749	rwanda patriotic front (rpf)	11
1750	national patriotic front of liberia (npfl)	6
1751	hiroyuki jo	1
1752	kisii activists	1
1753	khasi students union	4
1754	revolutionary workers' council (kakurokyo)	4
1755	turkestan islamic party	2
1756	ummah liberation army	1
1757	oglaigh na heireann	30
1758	ajnad misr	21
1759	tulawie clan	1
1760	rally of democratic forces (rafd)	1
1761	zimbabwe african nationalist union (zanu)	6
1762	recontras	25
1763	pacific popular front	1
1764	rival peasant band	1
1765	ansar al-islam	31
1766	cannibal army	4
1767	viviana gallardo command	1
1768	association of mobil spill affected communities (amsac)	1
1769	al-aqsa martyrs brigade	184
1770	u/i snipers	2
1771	long-time muslim immigrants from bangladesh	5
1772	ansaru ash-sharia (russia)	1
1773	white extremists	15
1774	indigenous people's federal army (ipfa)	1
1775	aum shinri kyo	6
1776	bani jaber tribe	1
1777	may 98	2
1778	white legion (ecuador)	1
1779	anti-state proletarian nuclei	1
1780	people's revolutionary militias (mrp)	5
1781	al-mus'abi tribe	1
1782	ulster freedom fighters (uff)	70
1783	taihikai (great sadness)	1
1784	amal	5
1785	vietnamese	1
1786	jharkhand tribal forces	2
1787	awami league	18
1788	aristide supporters	4
1789	sanghiya limbuwan committee (slc)	1
1790	kangleipak communist party (kcp)	34
1791	al jihad	4
1792	real irish republican army (rira)	41
1793	croatians	2
1794	force etudiante critique	1
1795	militants of the national action party	1
1796	anarchist struggle	1
1797	supporters of ali abdullah saleh	1
1798	mexican revolutionary movement	1
1799	izberbash gang	1
1800	al-shabaab al-mu'minin	5
1801	catholic e. timurese	1
1802	arsonists for social cohesion	3
1803	vanguard of red youth (akm)	1
1804	mahdi army	20
1805	francisco villa people's front	2
1806	balochistan liberation united front (bluf)	24
1807	united jihad council	1
1808	pro-state militiamen	1
1809	sungu sungu	1
1810	samyukta jatiya mukti morcha (sjmm)	12
1811	soldiers of the caliphate	2
1812	patriotic resistance front in ituri (frpi)	13
1813	resistencia galega	3
1814	belarusian liberation army	2
1815	pirates	10
1816	groups for dissemination of revolutionary theory and action	1
1817	supporters of opposing candidate abdu sakurtan	1
1818	28s	1
1819	banyamulenge rebels	1
1820	pro-indonesia activists	1
1821	corsican national liberation front (flnc)	272
1822	jaish usama	3
1823	shiite muslims	15
1824	adan abyan islamic army (aaia)	3
1825	biswabhumi sena bishal nepal	1
1826	arab socialist baath party of iraq	1
1827	all tripura tiger force (attf)	13
1828	the organization for the return of legality	1
1829	enraged revolutionaries	1
1830	janatantrik terai madhesh mukti morcha (jtmmm)	8
1831	west nile bank front (wnbf)	3
1832	left-wing terrorists	6
1833	four martyrs brigade	1
1834	white guard	1
1835	united self defense units of colombia (auc)	68
1836	saif-ul-muslimeen	1
1837	white wolves (uk)	3
1838	muslims	25
1839	international solidarity	2
1840	salafia jihadia	5
1841	coalition to save the preserves (csp)	8
1842	yarmouk martyrs brigade	2
1843	abu hafs al-masri brigades	11
1844	pakistani people's party (ppp)	7
1845	purbo banglar communist party	21
1846	free syrian army	59
1847	columbia pm	2
1848	kotoko tribal group	2
1849	anti-kurdish turks	2
1850	lord's resistance army (lra)	255
1851	inkatha freedom party (ifp)	38
1852	kurdish separatists	1
1853	shanty dwellers	1
1854	all-party students union	1
1855	human rights protesters	3
1856	ta'ang national liberation army (tnla)	1
1857	mustafa al-hujairi group	3
1858	islambouli brigades of al-qa'ida	5
1859	colombian patriotic resistance	3
1860	jaish as-saiyouf (army of swords)	1
1861	raul ernesto cruz leon, salvadorian	3
1862	protestant extremists	53
1863	other	465
1864	rabid brothers of giuliani	1
1865	jharkhand prastuti committee (jpc)	1
1866	igbo tribal group	1
1867	muslim demonstrators	5
1868	black and red anarchist and anti-authoritarians initiative (greece)	1
1869	anti-government rioters	1
1870	mozambique national resistance movement (mnr)	61
1871	convention of patriots for justice and peace	9
1872	anti-imperialist territorial nuclei (nta)	2
1873	najib watan party faction	1
1874	adivasi cobra militants of assam (acma)	1
1875	lashkar-e-islam (pakistan)	107
1876	syrian social nationalist party	1
1877	national freedom party	1
1878	sudurpaschim janata dal	1
1879	gilad shalhevet brigades	1
1880	filipino soldiers for the country	2
1881	tharuhat joint struggle committee (tjsc)	2
1882	partido marxista-leninista ng pilipinas (pmlp)	1
1883	support of ocalan-the hawks of thrace	1
1884	fatah hawks	5
1885	mongolian mukti morcha	1
1886	ed'daoua es'salafia lilqadha	1
1887	kuki tribal militants	3
1888	french armed islamic front	1
1889	islamist extremists	181
1890	zapatista national liberation army	23
1891	iraq's jihadist leagues	3
1892	rival clan	1
